JMBAG;Prezime;Ime;Termin;Zaključano
9607464735;Babić;Marko;2011-03-14 11:00 14:00 A210;2011-03-14 11:36:00
6084475974;Bajac;Darko;2011-03-14 11:00 14:00 A210;2011-03-14 12:00:00
4664321585;Babić;Martina;2011-03-14 11:00 14:00 A210;2011-03-14 11:24:00
4395517635;Jurić;Ivana;2011-03-14 11:00 14:00 A210;2011-03-14 11:51:00
6738925537;Matošić;Filip;2011-03-14 08:00 11:00 A209;2011-03-14 09:26:00
9224084906;Babić;Ana;2011-03-14 08:00 11:00 A209;2011-03-14 08:20:00
5203747070;Horvat;Josip;2011-03-14 08:00 11:00 A209;2011-03-14 09:07:00
3473573377;Bajac;Filip;2011-03-14 08:00 11:00 A209;2011-03-14 08:40:00
4469100723;Bagarić;Marija;2011-03-14 11:00 14:00 A210;2011-03-14 11:07:00
6039759824;Kovačević;Marija;2011-03-14 11:00 14:00 A210;2011-03-14 11:28:00
3936273476;Bagarić;Martina;2011-03-14 11:00 14:00 A210;2011-03-14 11:19:00
3507702764;Kovačević;Ivana;2011-03-14 08:00 11:00 A209;2011-03-14 08:48:00
8564006336;Horvat;Luka;2011-03-14 11:00 14:00 A210;2011-03-14 11:36:00
9640022321;Horvat;Ana;2011-03-14 11:00 14:00 A210;2011-03-14 11:40:00
2727149731;Matošić;Marko;2011-03-14 08:00 11:00 A209;2011-03-14 08:49:00
4178447244;Matošić;Petra;2011-03-14 11:00 14:00 A210;2011-03-14 11:20:00
1871269555;Bagarić;Filip;2011-03-14 11:00 14:00 A210;2011-03-14 11:14:00
5555659686;Kovačević;Josip;2011-03-14 11:00 14:00 A210;2011-03-14 11:33:00
5133854601;Božić;Nikola;2011-03-14 08:00 11:00 A209;2011-03-14 08:45:00
6730161397;Bajac;Petra;2011-03-14 11:00 14:00 A210;2011-03-14 11:02:00
8885990691;Bagarić;Martina;2011-03-14 08:00 11:00 A209;2011-03-14 09:37:00
7722635426;Jurić;Petra;2011-03-14 11:00 14:00 A210;2011-03-14 11:48:00
3466953804;Kovačević;Nikola;2011-03-14 11:00 14:00 A210;2011-03-14 11:14:00
4581192028;Bagarić;Tomislav;2011-03-14 08:00 11:00 A209;2011-03-14 09:00:00
1146341161;Perić;Ana;2011-03-14 08:00 11:00 A209;2011-03-14 08:02:00
3178057344;Petrović;Marko;2011-03-14 08:00 11:00 A209;2011-03-14 08:26:00
3363609130;Kovačević;Marija;2011-03-14 08:00 11:00 A209;2011-03-14 08:01:00
3792328148;Jurić;Marko;2011-03-14 11:00 14:00 A210;2011-03-14 11:37:00
5652690723;Babić;Marko;2011-03-14 08:00 11:00 A209;2011-03-14 08:47:00
2822080198;Novak;Marija;2011-03-14 08:00 11:00 A209;2011-03-14 08:36:00
6665747801;Marić;Ivana;2011-03-14 11:00 14:00 A210;2011-03-14 11:12:00
2478361804;Kovačević;Magdalena;2011-03-14 11:00 14:00 A210;2011-03-14 11:45:00
9151134380;Babić;Petra;2011-03-14 11:00 14:00 A210;2011-03-14 11:22:00
7619472908;Horvat;Magdalena;2011-03-14 11:00 14:00 A210;2011-03-14 11:26:00
2667621938;Jurić;Josip;2011-03-14 08:00 11:00 A209;2011-03-14 08:29:00
1655366930;Babić;Darko;2011-03-14 11:00 14:00 A210;2011-03-14 11:59:00
1635861593;Babić;Marko;2011-03-14 08:00 11:00 A209;2011-03-14 08:43:00
5570140748;Babić;Josip;2011-03-14 08:00 11:00 A209;2011-03-14 08:51:00
4605918302;Bagarić;Marija;2011-03-14 08:00 11:00 A209;2011-03-14 09:54:00
3947462279;Bagarić;Nikola;2011-03-14 08:00 11:00 A209;2011-03-14 08:22:00
7481838792;Perić;Martina;2011-03-14 11:00 14:00 A210;2011-03-14 11:58:00
3142030921;Babić;Filip;2011-03-14 08:00 11:00 A209;2011-03-14 08:57:00
5694678322;Marić;Ivana;2011-03-14 08:00 11:00 A209;2011-03-14 08:33:00
7319508803;Božić;Tomislav;2011-03-14 08:00 11:00 A209;2011-03-14 10:20:00
5051977475;Horvat;Tomislav;2011-03-14 08:00 11:00 A209;2011-03-14 08:24:00
4095381841;Babić;Nikola;2011-03-14 08:00 11:00 A209;2011-03-14 10:43:00
5661913268;Božić;Marko;2011-03-14 08:00 11:00 A209;2011-03-14 08:16:00
3640584693;Jurić;Luka;2011-03-14 08:00 11:00 A209;2011-03-14 08:21:00
4545567021;Bagarić;Luka;2011-03-14 11:00 14:00 A210;2011-03-14 11:18:00
6893546832;Matošić;Luka;2011-03-14 11:00 14:00 A210;2011-03-14 11:13:00
9875228052;Babić;Martina;2011-03-14 11:00 14:00 A210;2011-03-14 12:05:00
9583421327;Matošić;Tomislav;2011-03-14 11:00 14:00 A210;2011-03-14 11:53:00
7562781858;Bajac;Tomislav;2011-03-14 11:00 14:00 A210;2011-03-14 11:02:00
3830438913;Petrović;Martina;2011-03-14 08:00 11:00 A209;2011-03-14 08:12:00
9287641586;Jurić;Ana;2011-03-14 08:00 11:00 A209;2011-03-14 08:42:00
9339852744;Novak;Magdalena;2011-03-14 11:00 14:00 A210;2011-03-14 11:12:00
3775692339;Bagarić;Petra;2011-03-14 08:00 11:00 A209;2011-03-14 08:50:00
6055292148;Marić;Josip;2011-03-14 11:00 14:00 A210;2011-03-14 11:26:00
1959740483;Horvat;Ivan;2011-03-14 08:00 11:00 A209;2011-03-14 08:26:00
7665640075;Matošić;Tomislav;2011-03-14 11:00 14:00 A210;2011-03-14 13:32:00
6740144061;Kovačević;Petra;2011-03-14 11:00 14:00 A210;2011-03-14 11:02:00
3539134154;Kovačević;Marija;2011-03-14 08:00 11:00 A209;2011-03-14 09:59:00
8061411289;Bagarić;Josip;2011-03-14 11:00 14:00 A210;2011-03-14 12:40:00
6664445719;Bajac;Petra;2011-03-14 08:00 11:00 A209;2011-03-14 08:41:00
1904353692;Jurić;Ivan;2011-03-14 08:00 11:00 A209;2011-03-14 08:47:00
2085580409;Bagarić;Magdalena;2011-03-14 08:00 11:00 A209;2011-03-14 08:30:00
6698538966;Bagarić;Marija;2011-03-14 08:00 11:00 A209;2011-03-14 08:41:00
9710973083;Bagarić;Tomislav;2011-03-14 11:00 14:00 A210;2011-03-14 11:18:00
5793978412;Bagarić;Darko;2011-03-14 08:00 11:00 A209;2011-03-14 08:49:00
9387822863;Kovačević;Filip;2011-03-14 11:00 14:00 A210;2011-03-14 13:22:00
7118392834;Bajac;Ivana;2011-03-14 08:00 11:00 A209;2011-03-14 08:28:00
1650163155;Jurić;Luka;2011-03-14 11:00 14:00 A210;2011-03-14 11:55:00
3772181227;Matošić;Nikola;2011-03-14 08:00 11:00 A209;2011-03-14 09:56:00
5190214974;Matošić;Marija;2011-03-14 11:00 14:00 A210;2011-03-14 11:54:00
2227541891;Novak;Martina;2011-03-14 11:00 14:00 A210;2011-03-14 11:10:00
8973061269;Bagarić;Marko;2011-03-14 11:00 14:00 A210;2011-03-14 11:06:00
5888602421;Bajac;Filip;2011-03-14 11:00 14:00 A210;2011-03-14 11:18:00
6106724527;Novak;Petra;2011-03-14 11:00 14:00 A210;2011-03-14 11:50:00
9013068929;Jurić;Ivan;2011-03-14 11:00 14:00 A210;2011-03-14 13:39:00
6335720457;Babić;Ivan;2011-03-14 08:00 11:00 A209;2011-03-14 08:06:00
3408200038;Božić;Luka;2011-03-14 11:00 14:00 A210;2011-03-14 11:14:00
1432503786;Novak;Luka;2011-03-14 11:00 14:00 A210;2011-03-14 11:13:00
4530338977;Bagarić;Marko;2011-03-14 08:00 11:00 A209;2011-03-14 08:21:00
9943894253;Bajac;Nikola;2011-03-14 11:00 14:00 A210;2011-03-14 12:35:00
1969106134;Kovačević;Marko;2011-03-14 08:00 11:00 A209;2011-03-14 09:42:00
3743943603;Marić;Josip;2011-03-14 08:00 11:00 A209;2011-03-14 08:01:00
1270566779;Perić;Filip;2011-03-14 08:00 11:00 A209;2011-03-14 08:51:00
3037549584;Petrović;Tomislav;2011-03-14 08:00 11:00 A209;2011-03-14 08:08:00
3018016961;Petrović;Marija;2011-03-14 11:00 14:00 A210;2011-03-14 11:14:00
6231472647;Bagarić;Filip;2011-03-14 08:00 11:00 A209;2011-03-14 08:27:00
9725014875;Bagarić;Josip;2011-03-14 11:00 14:00 A210;2011-03-14 11:02:00
9849932702;Matošić;Marija;2011-03-14 08:00 11:00 A209;2011-03-14 08:16:00
1571648248;Babić;Tomislav;2011-03-14 11:00 14:00 A210;2011-03-14 11:47:00
7417228223;Babić;Martina;2011-03-14 08:00 11:00 A209;2011-03-14 10:24:00
4409066868;Perić;Josip;2011-03-14 08:00 11:00 A209;2011-03-14 08:55:00
4874215321;Matošić;Josip;2011-03-14 08:00 11:00 A209;2011-03-14 08:29:00
4434443770;Bajac;Darko;2011-03-14 08:00 11:00 A209;2011-03-14 08:47:00
2404284649;Perić;Marko;2011-03-14 08:00 11:00 A209;2011-03-14 10:03:00
6184782404;Novak;Ana;2011-03-14 08:00 11:00 A209;2011-03-14 08:22:00
3468362912;Matošić;Martina;2011-03-14 11:00 14:00 A210;2011-03-14 12:42:00